id,expected
0,0.5115136954652095
1,0.6370743413515696
2,0.49338062288699597
3,0.35155312137667966
4,0.13635922621028362
5,0.5967742372977659
6,0.6313208916256406
7,0.7631535009745193
8,0.26562764232192826
9,0.44364165106773
10,0.4420482861752154
11,0.673167276972793
12,0.6577231829145931
13,0.5650265865839711
14,0.5545886599765201
15,0.1715398000612016
16,0.4334284780781417
17,0.4904803952856016
18,0.6810762218505086
19,0.46876031501520116
